﻿<?xml version="1.0" encoding="UTF-8" ?>
<!--?xml version="1.0" encoding="utf-8"?-->
<layer-list xmlns:android="http://schemas.android.com/apk/res/android">
    <item>
      <shape android:shape="rectangle">
            <stroke android:width="1dp" android:color="#000000">
            <solid android:color="#000000">

        </solid></stroke></shape>
   </item>
    <item android:bottom="1dp" android:top="1dp"> 
      <shape android:shape="rectangle">
            <stroke android:width="1dp" android:color="#000000">
            <solid android:color="#000000">
        </solid></stroke></shape>
   </item>
</layer-list> 
